,index,polymer,type,name1,name0,sm1,sm0,abb,comp,Tg,Tm,YM,TS_b,eps_b,perm_O2,perm_CO2,Td,TS_y,perm_N2,perm_H2,perm_He,perm_CH4,num_side,num_back,end_group,d_Tg,d_Tm,d_TS_b,d_YM,d_eps_b,d_perm_O2,d_perm_CO2
0,0,Poly(ethylene),pha_only,pha,pha,[*]OC(CCC(=O)O)CCC(=O)[*],[*]OC(O(c1cccc(C)c1))CCC(=O)[*],PE,0.3000000119209289,263.08127,382.52783,651.6951,36.42695,295.26794,-0.009760022,0.2241329,568.86053,28.679848,-0.11781275,1.0859928,1.2883859,-0.08931774,"(0, 2)","(4, 4)","('O(c1cccc(C)c1)', 'C(=O)O')",43.081268310546875,-20.47216796875,14.42694854736328,-18.30487060546875,-42.7320556640625,-2.009760022163391,-26.875867104530336
1,1,Poly(ethylene),pha_only,pha,pha,[*]OC(CCCC(=O)O)CCCCC(=O)[*],[*]OC(c1ccc(C)cc1)CCC(=O)[*],PE,0.699999988079071,278.44864,368.31934,673.60724,36.160084,332.22345,0.20439708,1.0512681,586.31274,29.0411,-0.0042710304,3.9629612,4.156137,0.038321972,"(0, 3)","(4, 6)","('c1ccc(C)cc1', 'C(=O)O')",58.448638916015625,-34.6806640625,14.160083770751951,3.60723876953125,-5.77655029296875,-1.7956029176712036,-26.048731899261476
2,2,Poly(ethylene),pha_only,pha,pha,[*]OC(CCCCCC(=O)(c1ccccc1))CCC(=O)[*],[*]OC(O)CCC(=O)[*],PE,0.699999988079071,280.8193,395.51376,644.60675,41.6065,326.86676,0.038114667,0.3204335,561.14355,25.9937,-0.07393253,1.0179939,1.1528902,-0.023518503,"(0, 5)","(4, 4)","('O', 'C(=O)(c1ccccc1)')",60.819305419921875,-7.486236572265625,19.60649871826172,-25.39324951171875,-11.13323974609375,-1.9618853330612185,-26.779566502571107
3,3,Poly(ethylene),pha_only,pha,pha,[*]OC(CCCCC(=O)(c1ccccc1))CCCC(=O)[*],[*]OC(O)CCC(=O)[*],PE,0.699999988079071,279.1798,387.87906,675.26105,41.6846,310.3989,0.031743526,0.2997787,554.50525,26.724546,-0.07564175,0.9826449,1.1145959,-0.024143338,"(0, 4)","(4, 5)","('O', 'C(=O)(c1ccccc1)')",59.1798095703125,-15.120941162109377,19.684600830078125,5.26104736328125,-27.601104736328125,-1.96825647354126,-26.800221300125123
4,4,Poly(ethylene),pha_only,pha,pha,[*]OC(CCC(=O)OC)CCCCCC(=O)[*],[*]OC(c1ccc(C)cc1)CCC(=O)[*],PE,0.699999988079071,273.6615,361.13602,685.3781,37.112564,328.2111,0.28315198,1.4185631,585.0171,29.24983,0.004225731,5.054618,5.2654247,0.046064854,"(0, 2)","(4, 7)","('c1ccc(C)cc1', 'C(=O)OC')",53.6614990234375,-41.863983154296875,15.112564086914062,15.37811279296875,-9.788909912109377,-1.7168480157852173,-25.6814368724823
5,5,Poly(ethylene),pha_conv,PS,pha,[*]CC([*])c1ccccc1,[*]OC(CCC(=O)O)CCC(=O)[*],PE,0.8999999761581421,267.8584,376.6392,697.4631,38.798992,285.45694,-0.012850642,0.18174624,563.1162,29.678032,-0.10636103,0.8247441,1.0319915,-0.0645414,"(2, None)","(4, None)","('C(=O)O', None)",47.8583984375,-26.360809326171875,16.798992156982422,27.46307373046875,-52.543060302734375,-2.0128506422042847,-26.91825375556946
6,6,Poly(ethylene),pha_conv,PE,pha,[*]CC[*],[*]OC(c1ccc(C)cc1)CCCCCC(=O)[*],PE,0.800000011920929,258.29636,339.9609,688.62964,36.07085,286.05084,2.7759166,14.735972,603.5985,29.854628,0.84005153,19.974947,17.920002,1.3030243,"(0, None)","(7, None)","('c1ccc(C)cc1', None)",38.296356201171875,-63.039093017578125,14.070850372314451,18.629638671875,-51.94915771484375,0.775916576385498,-12.36402759552002
7,7,Poly(ethylene),pha_conv,PE,pha,[*]CC[*],[*]OC(O(c1ccc(F)cc1))CCC(=O)[*],PE,0.6000000238418579,258.09317,367.0232,632.60046,37.880695,267.20837,2.6077049,13.762797,607.1725,29.178886,0.70174813,18.931705,17.370075,1.1499722,"(0, None)","(4, None)","('O(c1ccc(F)cc1)', None)",38.093170166015625,-35.976806640625,15.880695343017578,-37.3995361328125,-70.7916259765625,0.6077048778533936,-13.337202644348146
8,8,Poly(ethylene),pha_conv,PS,pha,[*]CC([*])c1ccccc1,[*]OC(CCCCC(=O)O)CCCC(=O)[*],PE,0.5,286.6041,373.51297,623.04364,38.44712,302.4095,0.68133354,3.4337916,601.99976,27.765461,0.10236168,8.384619,8.319381,0.30899227,"(4, None)","(5, None)","('C(=O)O', None)",66.60409545898438,-29.487030029296875,16.447120666503906,-46.95635986328125,-35.59051513671875,-1.3186664581298828,-23.666208362579347
9,9,Poly(ethylene),pha_conv,PS,pha,[*]CC([*])c1ccccc1,[*]OC(CCCC(=O)O)CCCCC(=O)[*],PE,0.5,287.23804,373.75464,674.85834,39.99172,279.90903,0.6435001,3.273211,600.5753,29.124073,0.094248414,8.081262,8.061163,0.29637277,"(3, None)","(6, None)","('C(=O)O', None)",67.238037109375,-29.245361328125,17.991718292236328,4.85833740234375,-58.090972900390625,-1.3564999103546145,-23.826788997650148
10,10,Poly(propylene),pha_only,pha,pha,[*]OC(O(c1ccccc1))CCC(=O)[*],[*]OC(O)CCC(=O)[*],PP,0.8999999761581421,292.48093,436.11798,1593.8738,53.479385,146.02675,-0.006978214,0.077263,541.08905,43.292084,-0.08503896,0.5867933,0.74250627,-0.04751289,"(0, 0)","(4, 4)","('O', 'O(c1ccccc1)')",5.480926513671875,-0.88201904296875,23.47938537597656,-6.126220703125,-3.9732513427734375,-0.7669782137870789,-4.322737002372742
11,11,Poly(propylene),pha_only,pha,pha,[*]OC(O)CCC(=O)[*],[*]OC(CO(c1ccccc1))CC(=O)[*],PP,0.1000000014901161,292.97614,432.31488,1597.9792,52.202198,139.1104,-0.006275296,0.08630955,535.1664,43.192333,-0.083544135,0.6051229,0.76259923,-0.046020925,"(1, 0)","(3, 4)","('O(c1ccccc1)', 'O')",5.97613525390625,-4.68511962890625,22.202198028564453,-2.020751953125,-10.889602661132812,-0.7662752962112427,-4.313690447807312
12,12,Poly(propylene),pha_only,pha,pha,[*]OC(O)CCC(=O)[*],[*]OC(CCc1ccccc1)CC(=O)[*],PP,0.1000000014901161,289.1936,426.60104,1590.365,51.470238,143.07762,-0.004954338,0.0860244,529.0134,43.608864,-0.08488166,0.611109,0.76595974,-0.04494387,"(2, 0)","(3, 4)","('c1ccccc1', 'O')",2.193603515625,-10.398956298828123,21.470237731933594,-9.635009765625,-6.9223785400390625,-0.7649543380737305,-4.313975596427918
13,13,Poly(propylene),pha_only,pha,pha,[*]OC(O(c1ccc(F)cc1))CCC(=O)[*],[*]OC(O)CCC(=O)[*],PP,0.800000011920929,290.71454,432.4689,1605.3053,54.883236,160.17747,-0.0008612275,0.13397527,544.9484,44.20128,-0.08835733,0.75963724,0.9181801,-0.05666554,"(0, 0)","(4, 4)","('O', 'O(c1ccc(F)cc1)')",3.71453857421875,-4.531097412109375,24.883235931396484,5.3052978515625,10.177474975585938,-0.7608612275123596,-4.266024732589722
14,14,Poly(propylene),pha_only,pha,pha,[*]OC(Cc1ccccc1)CCC(=O)[*],[*]OC(O)CCC(=O)[*],PP,0.8999999761581421,288.27106,429.2869,1583.4843,52.501823,150.64995,-0.0053933263,0.07671285,535.2604,43.61403,-0.08529484,0.5930127,0.74679077,-0.044974804,"(0, 1)","(4, 4)","('O', 'c1ccccc1')",1.27105712890625,-7.713104248046875,22.50182342529297,-16.5157470703125,0.6499481201171875,-0.7653933262825012,-4.323287153244019
15,15,Poly(propylene),pha_conv,PET,pha,[*]CCOC(=O)c1ccc(C(=O)O[*])cc1,[*]OC(O)CCC(=O)[*],PP,0.800000011920929,293.0501,437.91925,1610.714,57.13358,107.04307,-0.02714175,0.026397228,533.05945,44.485542,-0.087264955,0.5040728,0.65648675,-0.06418246,"(0, None)","(4, None)","('O', None)",6.05010986328125,0.91925048828125,27.13357925415039,10.7139892578125,-42.956932067871094,-0.7871417498588562,-4.373602771759034
16,16,Poly(propylene),pha_conv,PVA,pha,[*]CC([*])O,[*]OC(O)CCC(=O)[*],PP,0.8999999761581421,300.2215,433.59775,1550.6938,50.799706,103.99203,-0.0051047206,0.03294003,519.53827,41.83872,-0.06778234,0.45528316,0.59051573,-0.025707245,"(0, None)","(4, None)","('O', None)",13.22149658203125,-3.402252197265625,20.799705505371097,-49.30615234375,-46.00797271728515,-0.7651047205924988,-4.367059969902039
17,17,Poly(propylene),pha_conv,[*]CC([*])C(C)C,pha,[*]CC([*])C(C)C,[*]OC(c1ccc(C)cc1)CCC(=O)[*],PP,0.8999999761581421,307.31396,420.1959,1573.479,45.319324,78.21168,0.58179426,2.6642318,600.42004,48.85748,0.03603649,8.387553,8.585017,0.07877958,"(0, None)","(4, None)","('c1ccc(C)cc1', None)",20.31396484375,-16.804107666015625,15.319324493408203,-26.52099609375,-71.78832244873047,-0.1782057380676269,-1.7357682228088382
18,18,Poly(propylene),pha_conv,Nylon6,pha,[*]CCCCCC(=O)N[*],[*]OC(c1ccc(C)cc1)CCC(=O)[*],PP,0.8999999761581421,309.9667,416.69055,1606.2682,45.520363,73.36913,0.3604442,1.6557746,589.5073,49.898735,0.022810936,5.749181,5.9617333,0.06014216,"(0, None)","(4, None)","('c1ccc(C)cc1', None)",22.966705322265625,-20.3094482421875,15.520362854003906,6.2681884765625,-76.63086700439453,-0.399555811882019,-2.744225406646729
19,19,Poly(propylene),pha_conv,PS,pha,[*]CC([*])c1ccccc1,[*]OC(CCCc1ccccc1)CC(=O)[*],PP,0.8999999761581421,280.80563,398.0261,1600.857,49.29854,74.70901,1.920644,11.151597,591.54584,48.58909,0.35632718,18.263088,16.246508,0.8628528,"(3, None)","(3, None)","('c1ccccc1', None)",-6.194366455078125,-38.973907470703125,19.298538208007812,0.8570556640625,-75.2909927368164,1.1606440448760986,6.7515970230102536
20,20,Poly(vinyl chloride),pha_only,pha,pha,[*]OC(CCCCCc1ccccc1)CCC(=O)[*],[*]OC(c1ccc([N+](=O)[O-])cc1([N+](=O)[O-]))CCC(=O)[*],PVC,0.8999999761581421,353.9458,486.32922,1676.5897,37.949627,21.67633,0.23991358,1.2332354,598.5962,50.635395,-0.041655064,3.8566642,4.418982,-0.022827566,"(0, 5)","(4, 4)","('c1ccc([N+](=O)[O-])cc1([N+](=O)[O-])', 'c1ccccc1')",0.94580078125,1.3292236328125,1.949626922607422,-3.4102783203125,-8.02366943359375,0.1783385828018188,0.9987353591918946
21,21,Poly(vinyl chloride),pha_only,pha,pha,[*]OC(CCCCc1ccccc1)CCCC(=O)[*],[*]OC(c1ccc([N+](=O)[O-])cc1([N+](=O)[O-]))CCC(=O)[*],PVC,0.8999999761581421,353.84265,486.65094,1682.8478,37.986874,20.860132,0.23512459,1.2104442,598.6385,50.837746,-0.041417956,3.798627,4.3552055,-0.022036433,"(0, 4)","(4, 5)","('c1ccc([N+](=O)[O-])cc1([N+](=O)[O-])', 'c1ccccc1')",0.8426513671875,1.65093994140625,1.9868736267089844,2.8477783203125,-8.839867782592773,0.1735495880126953,0.9759442119598388
22,22,Poly(vinyl chloride),pha_only,pha,pha,[*]OC(CCCCCS(c1ccccc1))CCC(=O)[*],[*]OC(c1ccc([N+](=O)[O-])cc1([N+](=O)[O-]))CCC(=O)[*],PVC,0.8999999761581421,354.71472,484.911,1683.2389,37.745598,20.660463,0.23804128,1.232369,595.68304,50.040035,-0.04180664,3.8045764,4.363525,-0.025108099,"(0, 5)","(4, 4)","('c1ccc([N+](=O)[O-])cc1([N+](=O)[O-])', 'S(c1ccccc1)')",1.7147216796875,-0.0889892578125,1.7455978393554688,3.2388916015625,-9.039536666870116,0.1764662817001343,0.9978689460754396
23,23,Poly(vinyl chloride),pha_only,pha,pha,[*]OC(CCCS(c1ccccc1))CCCCCC(=O)[*],[*]OC(c1ccc([N+](=O)[O-])cc1([N+](=O)[O-]))CCC(=O)[*],PVC,0.8999999761581421,353.77725,483.9542,1677.6154,37.722393,20.213903,0.23800969,1.2328289,595.62463,50.089043,-0.03993565,3.7977962,4.350648,-0.022867382,"(0, 3)","(4, 7)","('c1ccc([N+](=O)[O-])cc1([N+](=O)[O-])', 'S(c1ccccc1)')",0.777252197265625,-1.045806884765625,1.722393035888672,-2.3846435546875,-9.486096572875976,0.1764346912384033,0.9983288555145264
24,24,Poly(vinyl chloride),pha_only,pha,pha,[*]OC(CCCCO(c1ccccc1))CCCC(=O)[*],[*]OC(c1ccc([N+](=O)[O-])cc1([N+](=O)[O-]))CCC(=O)[*],PVC,0.8999999761581421,354.71994,484.28397,1677.794,37.757393,20.084343,0.2294147,1.188874,596.7065,50.045197,-0.043723166,3.7226405,4.2693253,-0.026703775,"(0, 4)","(4, 5)","('c1ccc([N+](=O)[O-])cc1([N+](=O)[O-])', 'O(c1ccccc1)')",1.719940185546875,-0.716033935546875,1.7573928833007812,-2.2060546875,-9.61565704345703,0.167839701461792,0.9543740062713624
25,25,Poly(vinyl chloride),pha_conv,Nylon6,pha,[*]CCCCCC(=O)N[*],[*]OC(c1ccc([N+](=O)[O-])cc1([N+](=O)[O-]))CCC(=O)[*],PVC,0.800000011920929,355.5433,481.537,1669.2046,39.127438,19.884201,0.18151927,0.96139777,587.5048,52.84193,-0.023777664,2.8912063,3.240336,0.022728205,"(0, None)","(4, None)","('c1ccc([N+](=O)[O-])cc1([N+](=O)[O-])', None)",2.543304443359375,-3.4630126953125,3.1274375915527344,-10.79541015625,-9.815798950195312,0.1199442699432373,0.7268977670669556
26,26,Poly(vinyl chloride),pha_conv,PVC,pha,[*]CC([*])Cl,[*]OC(CCc1ccc([N+](=O)[O-])cc1)CC(=O)[*],PVC,0.2000000029802322,355.4044,474.8058,1681.3473,46.68335,23.351353,0.14727306,0.6106241,593.4642,52.551914,0.0034149885,2.7051003,2.777224,0.08383179,"(2, None)","(3, None)","('c1ccc([N+](=O)[O-])cc1', None)",2.404388427734375,-10.1942138671875,10.683349609375,1.3472900390625,-6.348647308349609,0.0856980636596679,0.3761240749359131
27,27,Poly(vinyl chloride),pha_conv,PVC,pha,[*]CC([*])Cl,[*]OC(c1ccc(C)cc1)CC(=O)[*],PVC,0.3000000119209289,364.4088,484.13147,1678.2158,47.278923,25.388075,0.22837186,1.2303493,619.3411,53.239834,0.026769042,4.349423,4.4467835,0.1314727,"(0, None)","(3, None)","('c1ccc(C)cc1', None)",11.4088134765625,-0.8685302734375,11.278923034667969,-1.7841796875,-4.31192512512207,0.1667968585968017,0.9958493022918702
28,28,Poly(vinyl chloride),pha_conv,PVC,pha,[*]CC([*])Cl,[*]OC(Cc1ccc([N+](=O)[O-])cc1([N+](=O)[O-]))CCC(=O)[*],PVC,0.3000000119209289,360.50394,480.44376,1685.5214,47.3527,22.767786,0.13297117,0.67657804,588.2129,53.22448,-0.011672914,2.826277,2.9788234,0.0743742,"(1, None)","(4, None)","('c1ccc([N+](=O)[O-])cc1([N+](=O)[O-])', None)",7.503936767578125,-4.556243896484375,11.352699279785156,5.5213623046875,-6.932213973999023,0.0713961675643921,0.4420780448913574
29,29,Poly(vinyl chloride),pha_conv,PVC,pha,[*]CC([*])Cl,[*]OC(c1ccc(C)cc1)CC(=O)[*],PVC,0.6000000238418579,367.05133,483.10892,1678.1047,45.206352,26.845266,0.69814694,3.5799499,629.83563,52.641445,0.15344155,9.010343,9.319105,0.2749263,"(0, None)","(3, None)","('c1ccc(C)cc1', None)",14.05133056640625,-1.891082763671875,9.20635223388672,-1.895263671875,-2.854733657836914,0.6365719392776489,3.345449855804443
30,30,Poly(ethylene terephthalate),pha_only,pha,pha,[*]OC(O(c1ccccc1))CC(=O)[*],[*]OC(c1ccccc1)CC(=O)[*],PET,0.1000000014901161,324.17322,448.89114,2961.1616,69.68098,14.3407,0.61443996,3.801168,594.91223,66.699974,0.07974613,7.9882917,8.74711,0.18431258,"(0, 0)","(3, 3)","('c1ccccc1', 'O(c1ccccc1)')",-25.8267822265625,-77.10885620117188,-49.31902313232422,-8.83837890625,-50.65929985046387,0.5604399642944335,3.4751679649353027
31,31,Poly(ethylene terephthalate),pha_only,pha,pha,[*]OC(c1ccc([N+](=O)[O-])cc1([N+](=O)[O-]))CC(=O)[*],[*]OC(O(c1ccccc1))CC(=O)[*],PET,0.8999999761581421,329.28342,451.13443,2948.8652,67.47219,13.849582,0.57898986,3.5079226,598.24927,66.6462,0.06530237,7.6635237,8.464559,0.16334784,"(0, 0)","(3, 3)","('O(c1ccccc1)', 'c1ccc([N+](=O)[O-])cc1([N+](=O)[O-])')",-20.716583251953125,-74.86557006835938,-51.527809143066406,-21.134765625,-51.150418281555176,0.5249898633956909,3.181922649383545
32,32,Poly(ethylene terephthalate),pha_only,pha,pha,[*]OC(c1ccc(C)cc1)CC(=O)[*],[*]OC(O(c1ccccc1))CC(=O)[*],PET,0.8999999761581421,325.73828,448.18933,2949.8076,69.85867,16.160568,0.61332417,3.8133807,596.3462,67.791916,0.06964719,8.17361,8.923244,0.1756463,"(0, 0)","(3, 3)","('O(c1ccccc1)', 'c1ccc(C)cc1')",-24.26171875,-77.8106689453125,-49.141326904296875,-20.1923828125,-48.83943176269531,0.5593241653442382,3.487380718231201
33,33,Poly(ethylene terephthalate),pha_only,pha,pha,[*]OC(O(c1ccc(F)cc1(F)))CC(=O)[*],[*]OC(O(c1ccccc1))CC(=O)[*],PET,0.8999999761581421,325.699,447.7914,2942.2722,71.74778,15.114189,0.5673127,3.3802538,595.63995,69.059784,0.06944525,7.3264446,8.012999,0.17495859,"(0, 0)","(3, 3)","('O(c1ccccc1)', 'O(c1ccc(F)cc1(F))')",-24.300994873046875,-78.20858764648438,-47.252220153808594,-27.727783203125,-49.88581085205078,0.5133127174377441,3.054253791809082
34,34,Poly(ethylene terephthalate),pha_only,pha,pha,[*]OC(O(c1ccccc1))CC(=O)[*],[*]OC(O(c1ccccc1))CC(=O)[*],PET,0.0,324.61313,446.53052,2993.253,72.04194,14.403763,0.60640144,3.6840305,593.4217,67.6091,0.07405865,7.7280064,8.444114,0.18443775,"(0, 0)","(3, 3)","('O(c1ccccc1)', 'O(c1ccccc1)')",-25.386871337890625,-79.469482421875,-46.95806121826172,23.2529296875,-50.59623718261719,0.5524014434814453,3.358030532836914
35,35,Poly(ethylene terephthalate),pha_conv,PS,pha,[*]CC([*])c1ccccc1,[*]OC(O(c1ccccc1))CC(=O)[*],PET,0.3000000119209289,362.59595,503.7419,2958.7043,57.2853,4.1333513,1.5338752,8.295207,618.3625,52.8369,0.18951905,17.888563,16.877325,0.35730946,"(0, None)","(3, None)","('O(c1ccccc1)', None)",12.595947265625,-22.258087158203125,-61.714698791503906,-11.295654296875,-60.86664867401123,1.4798752269744873,7.969207023620606
36,36,Poly(ethylene terephthalate),pha_conv,PS,pha,[*]CC([*])c1ccccc1,[*]OC(S(c1ccccc1))CC(=O)[*],PET,0.3000000119209289,362.01965,501.0256,2950.9255,58.295868,4.0103664,1.4718544,8.029433,612.763,53.406967,0.18039763,17.518959,16.597672,0.33257985,"(0, None)","(3, None)","('S(c1ccccc1)', None)",12.0196533203125,-24.974395751953125,-60.704132080078125,-19.074462890625,-60.989633560180664,1.4178544483184814,7.7034332504272465
37,37,Poly(ethylene terephthalate),pha_conv,PET,pha,[*]CCOC(=O)c1ccc(C(=O)O[*])cc1,[*]OC(c1ccccc1)CC(=O)[*],PET,0.4000000059604645,323.90497,456.8278,2987.66,97.55838,15.327721,0.25448,1.0478411,639.96497,75.15931,0.011341333,4.0339875,4.6804543,0.053696513,"(0, None)","(3, None)","('c1ccccc1', None)",-26.09503173828125,-69.17221069335938,-21.441619873046875,17.659912109375,-49.67227935791016,0.2004800043106079,0.7218410720825195
38,38,Poly(ethylene terephthalate),pha_conv,PS,pha,[*]CC([*])c1ccccc1,[*]OC(S(c1ccccc1))CC(=O)[*],PET,0.4000000059604645,355.55096,491.18958,2996.909,62.70038,4.8559804,1.319706,7.573991,617.3804,57.23926,0.14426005,16.3573,15.797981,0.27898645,"(0, None)","(3, None)","('S(c1ccccc1)', None)",5.55096435546875,-34.8104248046875,-56.29962158203125,26.908935546875,-60.14401960372925,1.2657059631347656,7.247990821838379
39,39,Poly(ethylene terephthalate),pha_conv,PS,pha,[*]CC([*])c1ccccc1,[*]OC(O(c1ccccc1))CC(=O)[*],PET,0.4000000059604645,355.17816,495.44797,3010.4873,61.021404,5.0713143,1.3794775,7.7925835,623.2638,56.569523,0.14897013,16.654558,16.015985,0.29849696,"(0, None)","(3, None)","('O(c1ccccc1)', None)",5.17816162109375,-30.552032470703125,-57.97859573364258,40.4873046875,-59.928685665130615,1.3254775009155273,7.466583465576172
40,40,Poly(styrene),pha_only,pha,pha,[*]OC(c1ccc([N+](=O)[O-])cc1([N+](=O)[O-]))CC(=O)[*],[*]OC(O(c1ccccc1))CC(=O)[*],PS,0.5,353.6345,479.4734,2422.2805,49.23738,11.778816,0.50526,2.8430662,604.0959,60.485924,0.044496298,7.238715,8.087631,0.09022939,"(0, 0)","(3, 3)","('O(c1ccccc1)', 'c1ccc([N+](=O)[O-])cc1([N+](=O)[O-])')",-17.365509033203125,-48.526611328125,15.237380981445312,-27.719482421875,9.778816223144531,-2.0947400093078614,-9.756933784484865
41,41,Poly(styrene),pha_only,pha,pha,[*]OC(S(c1ccccc1))CC(=O)[*],[*]OC(c1ccc([N+](=O)[O-])cc1([N+](=O)[O-]))CC(=O)[*],PS,0.5,351.79886,475.91742,2429.2437,49.52374,11.598816,0.5189955,2.9432898,596.72595,60.602207,0.049250603,7.4607058,8.315873,0.0944494,"(0, 0)","(3, 3)","('c1ccc([N+](=O)[O-])cc1([N+](=O)[O-])', 'S(c1ccccc1)')",-19.201141357421875,-52.08258056640625,15.523738861083984,-20.75634765625,9.59881591796875,-2.0810044765472413,-9.656710243225096
42,42,Poly(styrene),pha_only,pha,pha,[*]OC(c1ccc([N+](=O)[O-])cc1)CC(=O)[*],[*]OC(O(c1ccccc1))CC(=O)[*],PS,0.3000000119209289,356.77707,471.8746,2422.7761,54.52458,20.590044,0.63337994,3.2446065,602.9921,66.598175,0.06301916,8.27734,9.297597,0.11487198,"(0, 0)","(3, 3)","('O(c1ccccc1)', 'c1ccc([N+](=O)[O-])cc1')",-14.222930908203123,-56.125396728515625,20.524578094482425,-27.223876953125,18.590044021606445,-1.9666200637817384,-9.355393505096435
43,43,Poly(styrene),pha_only,pha,pha,[*]OC(S(c1ccccc1))CC(=O)[*],[*]OC(c1ccc([N+](=O)[O-])cc1)CC(=O)[*],PS,0.699999988079071,356.01062,469.43558,2415.7917,54.627895,19.810984,0.6467428,3.3673706,599.3044,66.89008,0.0695498,8.456049,9.506251,0.11967993,"(0, 0)","(3, 3)","('c1ccc([N+](=O)[O-])cc1', 'S(c1ccccc1)')",-14.9893798828125,-58.564422607421875,20.62789535522461,-34.208251953125,17.810983657836914,-1.953257179260254,-9.23262939453125
44,44,Poly(styrene),pha_only,pha,pha,[*]OC(Cc1ccc([N+](=O)[O-])cc1([N+](=O)[O-]))CC(=O)[*],[*]OC(O(c1ccccc1))CC(=O)[*],PS,0.6000000238418579,341.7839,460.57428,2423.857,50.990044,13.2362,0.53360665,3.152831,602.435,59.716183,0.04353726,7.606243,8.406107,0.11160028,"(0, 1)","(3, 3)","('O(c1ccccc1)', 'c1ccc([N+](=O)[O-])cc1([N+](=O)[O-])')",-29.216094970703125,-67.42572021484375,16.99004364013672,-26.14306640625,11.236200332641602,-2.0663933515548707,-9.447168922424316
45,45,Poly(styrene),pha_conv,PS,pha,[*]CC([*])c1ccccc1,[*]OC(N)CC(=O)[*],PS,0.1000000014901161,372.192,512.41315,2447.6746,43.252163,3.1314912,1.8163242,8.603871,592.86237,40.838364,0.31557643,20.250746,18.560974,0.49955618,"(0, None)","(3, None)","('N', None)",1.191986083984375,-15.58685302734375,9.25216293334961,-2.325439453125,1.1314911842346191,-0.783675765991211,-3.99612865447998
46,46,Poly(styrene),pha_conv,PS,pha,[*]CC([*])c1ccccc1,[*]OC(c1ccccc1)CC(=O)[*],PS,0.1000000014901161,369.82114,514.05145,2437.2246,42.488617,2.50447,2.1532047,10.289591,596.48596,38.069817,0.41798198,22.574877,20.171087,0.65455616,"(0, None)","(3, None)","('c1ccccc1', None)",-1.178863525390625,-13.94854736328125,8.488616943359375,-12.775390625,0.5044701099395752,-0.4467953205108643,-2.3104091644287106
47,47,Poly(styrene),pha_conv,PS,pha,[*]CC([*])c1ccccc1,[*]OC(Cc1ccccc1)CC(=O)[*],PS,0.1000000014901161,365.78516,506.92242,2450.7522,43.40112,2.6144927,2.209792,10.446501,593.45325,38.874905,0.4320103,22.779835,20.194044,0.70345294,"(1, None)","(3, None)","('c1ccccc1', None)",-5.21484375,-21.07757568359375,9.401119232177734,0.752197265625,0.614492654800415,-0.3902081012725831,-2.1534992218017575
48,48,Poly(styrene),pha_conv,PS,pha,[*]CC([*])c1ccccc1,[*]OC(CCC(=O)O)CC(=O)[*],PS,0.1000000014901161,365.6427,504.9083,2454.5378,43.48716,3.2834888,1.6088779,7.580187,590.5461,40.350018,0.27127075,18.123178,16.874327,0.46303844,"(2, None)","(3, None)","('C(=O)O', None)",-5.3572998046875,-23.091705322265625,9.487159729003906,4.537841796875,1.2834887504577637,-0.9911221027374268,-5.019813156127929
49,49,Poly(styrene),pha_conv,PS,pha,[*]CC([*])c1ccccc1,[*]OC(CCc1ccccc1)CC(=O)[*],PS,0.1000000014901161,364.40735,504.65723,2454.1335,43.501133,2.68328,2.2399693,10.5253315,592.9578,39.095333,0.43737495,22.840487,20.221516,0.7198076,"(2, None)","(3, None)","('c1ccccc1', None)",-6.5926513671875,-23.3427734375,9.50113296508789,4.133544921875,0.6832799911499023,-0.360030746459961,-2.074668502807617
50,50,Poly(hexano-6-lactam),pha_only,pha,pha,[*]OC(Cc1ccc([N+](=O)[O-])cc1([N+](=O)[O-]))CCC(=O)[*],[*]OC(O)CCC(=O)[*],Nylon 6,0.4000000059604645,330.34058,458.91074,1612.0316,40.66949,48.74115,0.022108674,0.33410776,559.1968,45.62487,-0.08354688,1.3996098,1.6539795,-0.067145646,"(0, 1)","(4, 4)","('O', 'c1ccc([N+](=O)[O-])cc1([N+](=O)[O-])')",6.340576171875,-34.089263916015625,-19.330509185791016,12.0316162109375,-12.25885009765625,-3.9778913259506226,0.248107756614685
51,51,Poly(hexano-6-lactam),pha_only,pha,pha,[*]OC(Cc1ccc([N+](=O)[O-])cc1([N+](=O)[O-]))CCC(=O)[*],[*]OC(O)CCC(=O)[*],Nylon 6,0.3000000119209289,336.8315,464.46158,1600.3398,38.81233,37.55315,0.055889606,0.46921396,570.17175,45.924553,-0.07928026,1.8080475,2.1279478,-0.06287509,"(0, 1)","(4, 4)","('O', 'c1ccc([N+](=O)[O-])cc1([N+](=O)[O-])')",12.831512451171877,-28.538421630859375,-21.187671661376953,0.33984375,-23.446849822998047,-3.94411039352417,0.3832139625549317
52,52,Poly(hexano-6-lactam),pha_only,pha,pha,[*]OC(c1ccc([N+](=O)[O-])cc1([N+](=O)[O-]))CCC(=O)[*],[*]OC(O(c1ccc(C)cc1))CCC(=O)[*],Nylon 6,0.5,347.1564,460.62643,1593.9963,42.889503,45.12059,0.3022436,1.4424605,589.24585,49.41296,-0.037932456,5.1264987,5.4788256,-0.014792204,"(0, 0)","(4, 4)","('O(c1ccc(C)cc1)', 'c1ccc([N+](=O)[O-])cc1([N+](=O)[O-])')",23.156402587890625,-32.373565673828125,-17.110496520996094,-6.003662109375,-15.879409790039062,-3.697756409645081,1.356460536956787
53,53,Poly(hexano-6-lactam),pha_only,pha,pha,[*]OC(O(c1ccc(C)cc1))CCC(=O)[*],[*]OC(c1ccc([N+](=O)[O-])cc1([N+](=O)[O-]))CC(=O)[*],Nylon 6,0.3000000119209289,344.1407,458.32758,1604.1844,44.118694,42.012875,0.46412337,2.186144,588.3438,50.150143,0.0012863874,7.2206106,7.4882154,0.03630948,"(0, 0)","(3, 4)","('c1ccc([N+](=O)[O-])cc1([N+](=O)[O-])', 'O(c1ccc(C)cc1)')",20.14068603515625,-34.67242431640625,-15.881305694580078,4.1844482421875,-18.987125396728516,-3.5358766317367554,2.1001441135406496
54,54,Poly(hexano-6-lactam),pha_only,pha,pha,[*]OC(CC(=O)OC)CCC(=O)[*],[*]OC(c1ccc([N+](=O)[O-])cc1)CC(=O)[*],Nylon 6,0.800000011920929,355.4432,464.7356,1590.3237,41.180855,46.96275,0.43463218,2.141948,576.8954,54.352673,0.016553283,6.3210464,7.1299133,0.051361203,"(0, 1)","(3, 4)","('c1ccc([N+](=O)[O-])cc1', 'C(=O)OC')",31.443206787109375,-28.264404296875,-18.81914520263672,-9.67626953125,-14.037250518798828,-3.565367817878723,2.0559479846954347
55,55,Poly(hexano-6-lactam),pha_conv,[*]CC([*])C(C)C,pha,[*]CC([*])C(C)C,[*]OC(c1ccc(C)cc1)CC(=O)[*],Nylon 6,0.800000011920929,347.71664,480.49704,1604.2714,43.82425,49.142075,2.6151655,12.340652,612.42865,50.27047,0.56199586,22.679987,22.732557,0.73152876,"(0, None)","(3, None)","('c1ccc(C)cc1', None)",23.716644287109375,-12.502960205078123,-16.175750732421875,4.2713623046875,-11.857925415039062,-1.3848345279693604,12.254652465820312
56,56,Poly(hexano-6-lactam),pha_conv,PB,pha,[*]CC([*])CC,[*]OC(c1ccc(C)cc1)CC(=O)[*],Nylon 6,0.800000011920929,339.0016,465.0018,1592.7812,42.703728,40.75781,1.6952875,8.177487,614.24896,49.986588,0.40092087,16.606485,16.884043,0.5321927,"(0, None)","(3, None)","('c1ccc(C)cc1', None)",15.0015869140625,-27.998199462890625,-17.29627227783203,-7.21875,-20.242191314697266,-2.3047125339508057,8.09148737335205
57,57,Poly(hexano-6-lactam),pha_conv,PVA,pha,[*]CC([*])O,[*]OC(O(c1ccc(C)cc1))CCCCC(=O)[*],Nylon 6,0.4000000059604645,333.26926,455.5501,1614.663,47.29116,50.846645,0.12429333,0.3638885,491.26135,44.613754,0.064974904,0.99197924,1.0368745,0.16890812,"(0, None)","(6, None)","('O(c1ccc(C)cc1)', None)",9.269256591796877,-37.44989013671875,-12.708839416503906,14.6629638671875,-10.15335464477539,-3.875706672668457,0.2778885021209717
58,58,Poly(hexano-6-lactam),pha_conv,poly(pentylene),pha,[*]CC([*])CCC,[*]OC(c1ccc(C)cc1)CC(=O)[*],Nylon 6,0.800000011920929,335.95108,461.4372,1582.4832,42.569923,40.83076,1.6290364,7.8286276,613.8185,49.794666,0.38071,16.075872,16.34206,0.5164156,"(0, None)","(3, None)","('c1ccc(C)cc1', None)",11.951080322265623,-31.56280517578125,-17.430076599121094,-17.516845703125,-20.169239044189453,-2.3709635734558105,7.742627586364746
59,59,Poly(hexano-6-lactam),pha_conv,PVA,pha,[*]CC([*])O,[*]OC(CCc1ccc(C)cc1)CCCCC(=O)[*],Nylon 6,0.4000000059604645,330.2825,448.66812,1610.3412,46.729267,48.760742,0.11671841,0.38763452,490.56723,44.213562,0.06921661,1.0080776,1.0765731,0.16975212,"(2, None)","(6, None)","('c1ccc(C)cc1', None)",6.282501220703125,-44.331878662109375,-13.270732879638672,10.3411865234375,-12.2392578125,-3.8832815885543823,0.3016345157623291
60,60,"Poly(ethylene 2,6-naphthalate)",pha_only,pha,pha,[*]OC(c1ccc([N+](=O)[O-])cc1)CC(=O)[*],[*]OC(c1ccccc1)CC(=O)[*],PEN,0.4000000059604645,355.83118,492.0349,2279.557,51.05802,20.647654,0.67055404,3.673246,612.9284,62.738647,0.09166634,9.131312,10.370617,0.13353407,"(0, 0)","(3, 3)","('c1ccccc1', 'c1ccc([N+](=O)[O-])cc1')",-1.1688232421875,-48.965087890625,-25.941978454589844,-30.443115234375,-21.35234642028809,0.6516540418624878,3.434245906829834
61,61,"Poly(ethylene 2,6-naphthalate)",pha_only,pha,pha,[*]OC(c1ccc([N+](=O)[O-])cc1)CC(=O)[*],[*]OC(O(c1ccccc1))CC(=O)[*],PEN,0.2000000029802322,363.0699,477.68005,2309.9636,52.516907,21.370426,0.6454723,3.1893263,599.9162,65.94932,0.06662369,8.2678175,9.333519,0.11301839,"(0, 0)","(3, 3)","('O(c1ccccc1)', 'c1ccc([N+](=O)[O-])cc1')",6.06988525390625,-63.3199462890625,-24.48309326171875,-0.036376953125,-20.629573822021484,0.6265722881317138,2.950326286315918
62,62,"Poly(ethylene 2,6-naphthalate)",pha_only,pha,pha,[*]OC(S(c1ccccc1))CC(=O)[*],[*]OC(c1ccc([N+](=O)[O-])cc1)CC(=O)[*],PEN,0.800000011920929,363.18936,476.6575,2307.2153,52.479553,20.763506,0.65548885,3.2622395,596.9721,66.13533,0.07072914,8.4081,9.490469,0.11545074,"(0, 0)","(3, 3)","('c1ccc([N+](=O)[O-])cc1', 'S(c1ccccc1)')",6.189361572265625,-64.34249877929688,-24.52044677734375,-2.78466796875,-21.236494064331055,0.6365888486862182,3.023239456176758
63,63,"Poly(ethylene 2,6-naphthalate)",pha_only,pha,pha,[*]OC(c1ccc([N+](=O)[O-])cc1([N+](=O)[O-]))CC(=O)[*],[*]OC(O(c1ccccc1))CC(=O)[*],PEN,0.4000000059604645,361.0533,492.1699,2274.633,46.15362,11.2055,0.49120986,2.6842022,603.8313,59.26232,0.044484735,7.099822,7.9211054,0.07374704,"(0, 0)","(3, 3)","('O(c1ccccc1)', 'c1ccc([N+](=O)[O-])cc1([N+](=O)[O-])')",4.053314208984375,-48.830108642578125,-30.846378326416016,-35.366943359375,-30.79450035095215,0.472309864616394,2.4452021942138673
64,64,"Poly(ethylene 2,6-naphthalate)",pha_only,pha,pha,[*]OC(Cc1ccccc1)CC(=O)[*],[*]OC(c1ccc([N+](=O)[O-])cc1([N+](=O)[O-]))CC(=O)[*],PEN,0.4000000059604645,335.98627,479.23145,2286.5305,54.61193,20.288403,0.63359165,3.7703853,610.0008,62.942608,0.08056724,9.406131,10.27176,0.15327668,"(0, 1)","(3, 3)","('c1ccc([N+](=O)[O-])cc1([N+](=O)[O-])', 'c1ccccc1')",-21.01373291015625,-61.7685546875,-22.38806915283203,-23.469482421875,-21.711597442626953,0.6146916519165039,3.531385265350342
65,65,"Poly(ethylene 2,6-naphthalate)",pha_conv,PS,pha,[*]CC([*])c1ccccc1,[*]OC(Cc1ccc([N+](=O)[O-])cc1([N+](=O)[O-]))CCC(=O)[*],PEN,0.4000000059604645,380.2383,514.5654,2297.1523,49.218685,9.43559,0.98913085,5.1374555,649.7592,56.019997,0.084097266,13.814572,13.956028,0.17206419,"(1, None)","(4, None)","('c1ccc([N+](=O)[O-])cc1([N+](=O)[O-])', None)",23.238311767578125,-26.4345703125,-27.781314849853516,-12.84765625,-32.56441020965576,0.9702308546066284,4.898455463409424
66,66,"Poly(ethylene 2,6-naphthalate)",pha_conv,PEN,pha,[*]CCOC(=O)c1ccc2cc(C(=O)O[*])ccc2c1,[*]OC(c1ccc([N+](=O)[O-])cc1)CC(=O)[*],PEN,0.3000000119209289,385.01013,506.2621,2285.133,64.50986,18.068407,0.15522337,0.5633166,650.95386,54.871387,-0.028488517,3.435914,3.7713141,-0.019661427,"(0, None)","(3, None)","('c1ccc([N+](=O)[O-])cc1', None)",28.0101318359375,-34.7379150390625,-12.490142822265623,-24.866943359375,-23.93159294128418,0.1363233695983886,0.3243165836334228
67,67,"Poly(ethylene 2,6-naphthalate)",pha_conv,PEN,pha,[*]CCOC(=O)c1ccc2cc(C(=O)O[*])ccc2c1,[*]OC(c1ccc([N+](=O)[O-])cc1([N+](=O)[O-]))CC(=O)[*],PEN,0.4000000059604645,395.31067,526.2267,2280.603,60.104477,15.892324,0.169518,0.689723,622.1585,54.709652,-0.027322054,3.7090578,4.0552626,-0.028240561,"(0, None)","(3, None)","('c1ccc([N+](=O)[O-])cc1([N+](=O)[O-])', None)",38.3106689453125,-14.7733154296875,-16.895523071289062,-29.39697265625,-26.107675552368164,0.1506179939270019,0.450723014831543
68,68,"Poly(ethylene 2,6-naphthalate)",pha_conv,PS,pha,[*]CC([*])c1ccccc1,[*]OC(C(=O)O)CC(=O)[*],PEN,0.3000000119209289,380.2515,511.11694,2291.6184,47.880577,8.946693,0.8494644,4.510315,593.4345,51.651203,0.08919537,12.5302305,12.866512,0.16911924,"(0, None)","(3, None)","('C(=O)O', None)",23.251495361328125,-29.883056640625,-29.119422912597656,-18.381591796875,-33.053306579589844,0.8305644165039062,4.27131494140625
69,69,"Poly(ethylene 2,6-naphthalate)",pha_conv,PS,pha,[*]CC([*])c1ccccc1,[*]OC(CCc1ccc([N+](=O)[O-])cc1)CC(=O)[*],PEN,0.4000000059604645,377.4209,502.3286,2308.2488,49.532143,8.838954,1.2191453,6.368987,659.50745,56.467327,0.1272589,15.635962,15.485069,0.23455942,"(2, None)","(3, None)","('c1ccc([N+](=O)[O-])cc1', None)",20.4208984375,-38.67138671875,-27.467857360839844,-1.751220703125,-33.16104602813721,1.2002452980041505,6.129987083435059
